rmse,mape_%
111285.15185773886,98.57262372970581
