predicted_salary,desired_salary,error_%
2163.5764,150000,-98.55761572265625
716.99615,40000,-98.20750961303712
2016.3434,150000,-98.65577107747396
2308.1353,160000,-98.5574154663086
1246.7723,90000,-98.61469740125868
