rmse,mape_%
65362.7436388651,58.94707441329956
