predicted_salary,desired_salary,error_%
77530.91,150000,-48.31272916666667
22272.738,40000,-44.318154296875
73759.48,150000,-50.827015625
85534.65,160000,-46.540844726562504
43173.848,90000,-52.02905815972222
