rmse,mape_%
16866.73032926062,12.095744907855988
