predicted_salary,desired_salary,error_%
128847.44,150000,-14.101708333333333
38411.316,40000,-3.9717089843749998
127712.83,150000,-14.858114583333334
151920.14,160000,-5.049912109375001
83957.53,90000,-6.713854166666666
